userId,movieId,rating,timestamp,title
1,110,1,1425941529,Trois couleurs : Rouge
1,147,4.5,1425942435,Les Quatre Cents Coups
1,858,5,1425941523,Sleepless in Seattle
1,1221,5,1425941546,
1,1246,5,1425941556,Rocky Balboa
1,1968,4,1425942148,Fools Rush In
1,2762,4.5,1425941300,Young and Innocent
1,2918,5,1425941593,
1,2959,4,1425941601,License to Wed
1,4226,4,1425942228,Shriek If You Know What I Did Last Friday the Thirteenth
1,4878,5,1425941434,
1,5577,5,1425941397,
1,33794,4,1425942005,
1,54503,3.5,1425941313,Shuang ma lian huan
1,58559,4,1425942007,Confession of a Child of the Century
1,59315,5,1425941502,
1,68358,5,1425941464,
1,69844,5,1425942139,
1,73017,5,1425942699,
1,81834,5,1425942133,
1,91500,2.5,1425942647,
1,91542,5,1425942618,
1,92439,5,1425941424,
1,96821,5,1425941382,Cesare deve morire
1,98809,0.5,1425942640,
1,99114,4,1425941667,
1,112552,5,1425941336,
2,5,3,867039249,Four Rooms
2,25,3,867039168,Jarhead
2,32,2,867039166,
2,58,3,867039325,Pirates of the Caribbean: Dead Man's Chest
2,64,4,867039612,Hable con ella
2,79,4,867039325,?±ÈõÑ
2,141,3,867039168,Donnie Darko
2,260,4,867039249,The 39 Steps
2,339,5,867041296,Night on Earth
2,377,4,867041121,A Nightmare on Elm Street
2,605,4,867039973,The Matrix Revolutions
2,628,4,867039325,Interview with the Vampire
2,648,4,867039167,La belle et la b√™te
2,762,3,867039325,Monty Python and the Holy Grail
2,780,3,867039165,La passion de Jeanne d'Arc
2,786,1,867039249,Almost Famous
2,788,1,867039288,Mrs. Doubtfire
2,1210,4,867039325,
2,1233,4,867039820,
2,1356,5,867039288,
2,1475,3,867040824,
2,1552,2,867040735,Parenthood
3,480,3,1048076925,Monsoon Wedding
3,500,2,1048076945,Reservoir Dogs
3,527,4,1048076900,Once Were Warriors
3,858,4,1048076945,Sleepless in Seattle
3,1092,3,1048076995,The Third Man
3,1097,3,1048076961,
3,1270,3,1048076976,
3,1968,3,1048077048,Fools Rush In
3,3101,3,1048076830,I Love You to Death
3,4474,3,1048077030,My Super Ex-Girlfriend
4,223,4,1042668576,Rebecca
4,415,4,1042667925,Batman & Robin
4,648,4,1042674800,La belle et la b√™te
4,1097,5,1042667925,
4,1197,4,1042667956,
4,1210,2,1042667865,
4,1221,5,1042667903,
4,1422,4,1042674861,The Departed
4,1431,3,1042667945,
4,1597,3,1042674787,Meet the Parents
4,1617,4,1042674412,
4,1644,3,1042674845,The Vanishing
4,1645,4,1042674787,A Time to Kill
4,1732,3,1042674761,The Prisoner of Zenda
4,1909,4,1042674761,Don Juan DeMarco
4,1911,4,1042668589,The 13th Warrior
4,2023,5,1042667945,Hidalgo
4,2338,2,1042674886,
4,2355,4,1042668559,Reign Over Me
4,2396,5,1042672546,
4,2443,4,1042672491,
4,2541,3,1042668576,
4,2581,3,1042672363,
4,2683,3,1042668505,
4,2692,4,1042672531,Der rote Elvis
4,2694,1,1042668544,Tuya de hun shi
4,2706,4,1042668505,
4,2710,2,1042668544,
4,2712,3,1042668621,
4,2716,4,1042672283,
4,2762,5,1042672546,Young and Innocent
4,2763,4,1042672556,
4,2805,3,1042672352,"‡∏ü‡πâ‡∏≤‡∏ó‡∏∞‡∏•‡∏≤‡∏¢‡πÇ‡∏à‡∏?""A homage and parody of 1950s and 1960s Thai romantic melodramas and action films.  Dum"
4,2875,4,1042674773,
4,2881,3,1042668589,
4,2987,4,1042672592,
4,3004,1,1042668521,12 + 1
4,3005,3,1042668544,
4,3114,5,1042672580,The Searchers
4,3160,4,1042672335,Furankenshutain Tai Chitei Kaij≈´ Baragon
4,3203,4,1042668576,
4,3285,3,1042668521,
4,3298,3,1042668544,
4,3408,5,1042668604,
4,3409,2,1042668621,
4,3476,4,1042674436,L'important c'est d'aimer
4,3578,4,1042672283,Der Tunnel
4,3623,2,1042672352,
4,3751,4,1042668559,
4,3752,3,1042672335,
4,3753,4,1042672491,
4,3798,4,1042672580,
4,3908,2,1042672580,
4,3909,3,1042672592,
4,3977,3,1042668559,
4,4014,4,1042667845,
4,4084,3,1042667925,
4,4226,3,1042674412,Shriek If You Know What I Did Last Friday the Thirteenth
4,4238,4,1042674819,
4,4848,3,1042674425,
4,4896,4,1042667845,Muxm√§uschenstill
4,5679,3,1042674579,
5,7,3,949423844,
5,157,2,949423787,Star Trek III: The Search for Spock
5,296,4,949424343,Terminator 3: Rise of the Machines
5,541,5,949424321,The Man with the Golden Arm
5,750,5,949424271,Murder She Said
5,858,5,949424168,Sleepless in Seattle
5,908,5,949424374,
5,1193,5,949424374,
5,1198,4,949424343,
5,1201,5,949424321,
5,1204,5,949424271,
5,1225,4,949424343,
5,1230,5,949423787,
5,1254,5,949424374,"Je vais bien, ne t'en fais pas"
5,1263,5,949424271,
5,1270,5,949423844,
5,1302,5,949423787,
5,1945,5,949424321,Nell
5,2163,2,949424522,Breakdown
5,2707,5,949424045,
5,2877,1,949424482,
5,3079,5,949423938,The Curse of Frankenstein
5,3114,4,949423938,The Searchers
5,3156,5,949423978,
5,3198,4,949424188,
5,3255,3,949423844,
6,11,3,944894480,Star Wars
6,1198,3,944894480,
6,2565,4,944894144,Joe Versus the Volcano
6,2628,5,944928077,
7,293,5,1486253647,A River Runs Through It
7,318,4,1486253595,The Million Dollar Hotel
7,2571,4,1486253599,
7,2858,4.5,1486254186,
7,2959,4.5,1486253602,License to Wed
7,3535,5,1486253781,
7,3948,1.5,1486253699,
7,4022,4,1486253683,
7,4306,2.5,1486253672,
7,4896,4.5,1486253687,Muxm√§uschenstill
7,4993,5,1486253608,5 Card Stud
7,5618,4,1486253703,"Cousin, Cousine"
7,5810,2,1486253944,
7,5816,4.5,1486253705,Ober
7,6377,3.5,1486253615,
7,6934,2,1486253729,Yesterday
7,7153,4.5,1486253605,
7,8368,4,1486253719,The Garden of Eden
7,8533,4,1486253918,
7,8961,2.5,1486253617,Bad Boys II
7,30793,2.5,1486253796,House of Dracula
7,33794,4,1486253619,
7,35836,3,1486253758,
7,39183,3,1486253891,Once in a Lifetime: The Extraordinary Story of the New York Cosmos
7,40815,2.5,1486253738,Le Bossu
7,41566,2,1486253798,New York Doll
7,50872,4,1486253740,
7,51255,2.5,1486253771,
7,54001,3,1486253787,?ÿ≥ÿß?ÿ±
7,54272,4,1486253880,Â∫ßÈ†≠Â∏ÇÈñ¢?Ä?¥„Çä
7,54503,3.5,1486253805,Shuang ma lian huan
7,55247,2,1486253865,
7,58559,5,1486253675,Confession of a Child of the Century
7,60074,1,1486253975,
7,63082,3.5,1486253733,
7,68954,3,1486253695,Longitude
7,69844,3.5,1486253817,
7,72378,2.5,1486254028,
7,79132,3,1486253597,
7,80463,3.5,1486253795,
7,81834,3,1486253817,
7,88125,4.5,1486253827,
7,88129,4,1486253959,
7,88744,1.5,1486253974,Die Frau mit den 5 Elefanten
7,89745,2.5,1486253761,
7,91529,4.5,1486253752,
7,98809,4.5,1486253884,
7,99114,2,1486253749,
7,106489,4,1486253996,
7,106920,3.5,1486253941,
7,116797,4.5,1486253789,
7,122904,1,1486253905,
7,134853,2.5,1486253833,
8,1,4,1013443596,
8,7,2,1013442976,
8,44,3,1013442518,
8,47,4,1013443770,
8,170,3,1013442544,28 Days Later
8,208,3,1013443900,
8,318,5,1013444101,The Million Dollar Hotel
8,420,1,1013443085,
8,553,4,1013442902,Dogville
8,585,2,1013443939,"Monsters, Inc."
8,647,4,1013442921,Final Fantasy VII: Advent Children
8,653,4,1013444101,"Nosferatu, eine Symphonie des Grauens"
8,784,2,1013443487,Kolja
8,832,2,1013443752,M
8,852,2,1013443718,
8,912,4,1013442544,The Thomas Crown Affair
8,968,4,1013444101,Dog Day Afternoon
8,1037,3,1013444040,
8,1210,4,1013442408,
8,1211,3,1013443677,
8,1228,3,1013442366,
8,1265,3,1013442825,Bridge to Terabithia
8,1266,5,1013443659,Street Kings
8,1287,4,1013443993,
8,1292,5,1013442804,
8,1304,3,1013443638,
8,1339,1,1013442921,
8,1343,3,1013443596,
8,1404,1,1013443848,Ae Fond Kiss...
8,1405,4,1013443698,Greed
8,1499,3,1013443867,Teenage Mutant Ninja Turtles III
8,1591,4,1013443848,Nirgendwo in Afrika
8,1626,3,1013443939,Vivre sa vie: film en douze tableaux
8,1653,2,1013442853,Diarios de motocicleta
8,1792,1,1013444101,Stuck on You
8,1837,1,1013443596,Le Secret
8,1876,3,1013443659,
8,1882,2,1013444013,The Men
8,1965,3,1013443867,A Perfect Murder
8,1968,3,1013442518,Fools Rush In
8,2019,5,1013443447,Hard Target
8,2022,3,1013444158,Mr. Deeds
8,2110,2,1013443544,Wasabi
8,2193,2,1013442936,My Tutor
8,2240,3,1013442902,
8,2300,2,1013443698,Space Jam
8,2313,3,1013442804,Prime
8,2334,3,1013443923,Taxi 3
8,2416,3,1013443974,
8,2469,3,1013442463,¬°√Åtame!
8,2474,2,1013443508,
8,2571,4,1013442825,
8,2596,4,1013443848,
8,2600,2,1013442463,
8,2670,4,1013443974,
8,2762,2,1013442774,Young and Innocent
8,2919,3,1013443461,
8,2985,4,1013443508,
8,3016,3,1013443770,Dr. Jekyll and Mr. Hyde
8,3036,3,1013443380,Frankenstein
8,3082,3,1013443597,Modern Times
8,3091,4,1013442463,
8,3107,2,1013443529,?™Áç£Á∑èÈÄ≤ÊíÉ
8,3146,3,1013443659,Furankenshutain no Kaij≈´: Sanda tai Gaira
8,3147,3,1013443731,
8,3175,5,1013443796,Barry Lyndon
8,3197,2,1013443461,
8,3203,4,1013443993,
8,3354,1,1013443830,
8,3359,4,1013442758,
8,3527,5,1013442902,Don't Come Knocking
8,3634,5,1013443881,
8,3660,4,1013443900,
8,3671,3,1013444040,
8,3679,4,1013443447,
8,3785,3,1013443796,
8,3841,4,1013444013,
8,3868,4,1013443638,
8,3986,1,1013442956,
8,4084,1,1013443031,
8,4085,3,1013442825,
8,4291,2,1013443796,"?äÊ¨°?é„ÅÆÂ§?""Brash"
8,4361,2,1013443638,
8,4366,3,1013443179,
8,4367,3,1013443045,
8,4443,4,1013443447,Nuits rouges
8,4466,3,1013443557,
8,4541,4,1013444101,
8,4563,3,1013443508,
8,4571,3,1013442837,
8,4638,3,1013443070,Hot Fuzz
8,4643,2,1013442976,The Guardian
8,4654,3,1013443923,
8,4681,1,1013442872,
8,4787,2,1013442518,Cassandra's Dream
8,4896,4,1013442518,Muxm√§uschenstill
8,4901,3,1013442662,
8,4954,3,1013443013,Drop Zone
8,4956,4,1013442758,Christine
8,4963,2,1013442662,
8,4971,2,1013442921,
8,4979,4,1013442677,Montag kommen die Fenster
8,4980,2,1013442956,
8,4993,4,1013442629,5 Card Stud
8,5002,2,1013443013,Lifeguard
8,5008,5,1013442758,
8,5026,2,1013442707,
8,5033,1,1013442956,
8,5036,3,1013442989,
8,5054,4,1013443338,
8,5064,3,1013442629,Carry On Doctor
8,5120,2,1013443273,
8,5125,2,1013442758,Rendition
9,1,4.5,1073837180,
9,150,4,1073837284,48 Hrs.
9,342,5,1061916357,Sommersturm
9,497,4,1061916288,The Green Mile
9,594,3,1061916233,The Terminal
9,750,4,1061916274,Murder She Said
9,852,2,1061916339,
9,1059,5,1061918479,"?†„Åó?¶„ÅÆ‰∏âÊÇ™‰∫?""Lured by gold"
9,1079,2,1061916220,
9,1183,4,1061916215,
9,1188,4.5,1061918506,
9,1197,4.5,1073837135,
9,1207,4,1073837292,
9,1246,4.5,1073837162,Rocky Balboa
9,1262,4,1073837244,Stranger Than Fiction
9,1291,3.5,1073837197,
9,1304,3.5,1061916295,
9,1391,2.5,1061916303,Y tu mam√° tambi√©n
9,1527,4,1061916280,
9,1653,4.5,1061916352,Diarios de motocicleta
9,1676,0.5,1061916373,Will Penny
9,1682,4.5,1061916342,Mosura tai Gojira
9,2245,3.5,1062144212,
9,2321,4,1073837327,Married to the Mob
9,2324,5,1061916334,Local Color
9,2355,4.5,1061916245,Reign Over Me
9,2395,4.5,1073837036,Ast√©rix aux Jeux Olympiques
9,2396,5,1073837256,
9,2571,3.5,1073837149,
9,2640,2,1061916416,Heathers
9,2762,4,1073837125,Young and Innocent
9,2858,4.5,1073837168,
9,3114,4.5,1073837131,The Searchers
9,3408,3.5,1061917407,
9,3535,2.5,1061917857,
9,3538,3,1061917561,
9,3717,3.5,1061918172,
9,3751,4,1061917155,
9,3793,4,1061917529,
9,3948,3.5,1061917586,
9,3967,4.5,1061917148,
9,3969,3.5,1061917754,
9,3996,4,1061916312,
9,4014,4.5,1061916906,
9,4027,5,1061917088,
9,4103,4,1073837233,
9,4226,4,1061916957,Shriek If You Know What I Did Last Friday the Thirteenth
9,4246,4,1061917359,
9,4306,5,1061917073,
9,4308,5,1061917384,
9,4367,2.5,1061918204,
9,4370,2.5,1061917824,
9,4848,3,1061917439,
9,4878,4,1064941670,
9,4881,4,1061917141,
9,4886,4,1061917025,And Then There Were None
9,4896,3.5,1061917348,Muxm√§uschenstill
9,4963,4,1061917258,
9,4973,5,1061916953,Sous le Sable
9,4979,4.5,1062237903,Montag kommen die Fenster
9,4993,5,1061916981,5 Card Stud
9,5013,3,1061917305,
9,5016,3.5,1061917628,
9,5151,3,1061918107,
9,5299,5,1061917411,
9,5349,4,1061917314,
9,5378,2.5,1061917724,
9,5380,4,1061917454,
9,5445,3,1061917166,
9,5459,3.5,1061918154,
9,5502,3,1061917421,
9,5669,4,1061917039,
9,5816,3.5,1061917353,Ober
9,5872,3,1061917874,
9,5902,3.5,1061917084,A Bridge Too Far
9,5952,5,1073837104,
9,5989,5,1061917101,
9,5991,4.5,1061917119,Der letzte Mann
9,6157,3,1061918001,
9,6333,4,1061917069,
9,6365,3,1061917377,
9,6539,5,1061916492,
9,6568,4,1063558749,
9,7153,5,1073837010,
10,150,4,846287850,48 Hrs.
10,153,3,846288047,Lost in Translation
10,165,4,846288047,Back to the Future Part II
10,296,5,846287850,Terminator 3: Rise of the Machines
10,344,4,846288047,Bang Boom Bang - Ein todsicheres Ding
10,349,5,846288047,Crustac√©s et coquillages
10,380,5,846287850,Rain Man
10,457,4,846288177,Sissi
10,588,5,846288047,Silent Hill
10,590,3,846287850,The Hours
10,592,4,846287850,The Conversation
10,593,4,846288177,–°–æ–ª??–∏?
10,595,5,846288177,To Kill a Mockingbird
11,32,3.5,1231677006,
11,34,4,1231677071,
11,47,3.5,1231677031,
11,110,3.5,1231676989,Trois couleurs : Rouge
11,165,3.5,1231677046,Back to the Future Part II
11,231,2.5,1231677076,Syriana
11,260,3,1231676984,The 39 Steps
11,296,4,1231676885,Terminator 3: Rise of the Machines
11,318,4.5,1231678204,The Million Dollar Hotel
11,344,3,1231677016,Bang Boom Bang - Ein todsicheres Ding
11,356,4,1231676871,
11,364,3,1231677051,Batman Returns
11,457,3.5,1231676994,Sissi
11,480,3.5,1231676849,Monsoon Wedding
11,500,4,1231677066,Reservoir Dogs
11,520,2,1231677440,
11,527,4.5,1231677900,Once Were Warriors
11,593,4,1231676857,–°–æ–ª??–∏?
11,736,3,1231677056,
11,750,3,1231677212,Murder She Said
11,784,2,1231677333,Kolja
11,1073,4,1231677094,Arlington Road
11,1089,3.5,1231677184,Point Break
11,1127,3.5,1231677287,Princesas
11,1265,2.5,1231677102,Bridge to Terabithia
11,1270,3,1231677026,
11,1276,3,1231675786,
11,1370,3.5,1231677340,Rambo III
11,1527,3.5,1231677151,
11,1573,3.5,1231677261,Die Hard 2
11,1721,4,1231677086,...Pi√π forte ragazzi!
11,1923,4,1231677156,Twin Peaks: Fire Walk with Me
11,2028,4,1231677061,Say Anything...
11,2054,2.5,1231677276,Mr. Holland's Opus
11,2571,3,1231677021,
11,2959,2.5,1231676159,License to Wed
11,3408,4,1231677321,
11,3409,4,1231683195,
11,3440,3,1231674951,
11,3513,3.5,1231674869,Legionnaire
11,3555,4,1231674770,
11,3578,4,1231676542,Der Tunnel
11,3977,3,1231677315,
11,4022,3.5,1231677298,
11,4027,3.5,1231677293,
11,4036,1,1231674899,
11,4052,3.5,1231674934,
11,4226,2.5,1231676574,Shriek If You Know What I Did Last Friday the Thirteenth
11,4238,3.5,1231674880,
11,4878,2,1231676641,
11,4963,3.5,1231677256,
11,4973,4.5,1231676764,Sous le Sable
11,4993,4,1231677113,5 Card Stud
11,4995,4,1231677609,Boogie Nights
11,5064,4.5,1231676523,Carry On Doctor
11,5418,3.5,1231676532,
11,5952,4,1231677134,
11,5989,4,1231676517,
11,6058,3.5,1231683242,The Patriot
11,6377,3.5,1231677614,
11,6539,2.5,1231677241,
11,6624,2.5,1231675178,
11,6870,3.5,1231676496,
11,6942,3.5,1231677705,
11,7153,4,1231677192,
11,7347,3.5,1231674939,Tropa de Elite
11,7361,2,1231677737,
11,7439,3,1231675038,
11,8665,4,1231677599,K-19: The Widowmaker
11,27700,4.5,1232316133,
11,33437,3,1231675958,
11,33679,3.5,1231680079,
11,33794,4,1231675372,
11,36513,3,1231682019,No Man of Her Own
11,37653,3,1231676959,Les Trois Fr√®res
11,37727,3,1231675016,J√∂nssonligan f√•r guldfeber
11,37741,2.5,1231676132,
11,40148,2.5,1231676190,
11,40339,4,1231675121,
11,42013,2,1231676291,Sammy and Rosie Get Laid
11,43679,3,1231683255,
11,44199,4,1231676477,
11,44555,4,1231676569,‰∏âÊû™?çÊ°à?äÂ•á
11,45442,3,1231676053,
11,45672,2,1231676242,
11,45728,0.5,1231676381,
11,46723,4,1231674889,
11,46948,2,1231676270,Power
11,47394,2.5,1231675980,
11,47518,3,1231675688,The Tortured
11,47610,4,1231676547,Schwerkraft
11,47629,3.5,1231676729,
11,47642,3,1232307026,
11,48043,0.5,1231676395,
11,48304,4.5,1231677865,
11,48326,1.5,1231676327,
11,48394,3,1231675920,
11,48516,3.5,1231675568,
11,48593,2.5,1232316111,
11,48738,3.5,1231676608,
11,48774,3.5,1231675538,
11,48780,4.5,1231677913,Boat
11,48997,5,1231675293,
11,49130,3.5,1231675605,
11,49272,3.5,1231676680,
11,49280,1.5,1231676352,L'Homme orchestre
11,49530,3.5,1231676692,In Time
11,49910,3.5,1231678614,
11,50068,3,1231676613,
11,50442,2.5,1231678942,
11,50601,2.5,1231678930,5 Days of War
11,50794,1.5,1231676313,The Even Stevens Movie
11,50872,3.5,1231676511,
11,51077,2.5,1231676167,
11,51086,2,1231676283,
11,51091,2,1231676234,Annie's Point
11,51255,3,1231678424,
11,51412,3.5,1231679030,
11,51418,3,1231675998,
11,51540,4,1231676507,Horrible Bosses
11,51575,3,1231679189,
11,51931,3,1231677639,
11,51935,4,1231678514,House of Boys
11,52245,3.5,1231678856,
11,52281,2.5,1231678441,
11,52321,3.5,1231675662,
11,52328,3.5,1231678869,
11,52448,4,1231675424,Witch's Night Out
11,52458,3,1231678678,The Butter Battle Book
11,52604,3.5,1231678535,
11,52644,2.5,1231679083,
11,52694,4,1231679151,
11,52712,3,1231679007,
11,52952,3.5,1231675671,
11,52973,3.5,1231678636,
11,52975,2,1231678722,
11,53125,2.5,1231678861,
11,53129,4,1231677679,–¢??–µ?–∫–∏–π –≥–∞–º–±–∏?
11,53207,3.5,1231675521,
11,53318,3.5,1231678495,The Fairy King Of Ar
11,53322,4,1231678687,
11,53519,2.5,1231678670,High and Dizzy
11,53550,4,1231675472,
11,53921,3.5,1231675899,
11,53953,3,1231678838,The Tooth Fairy
11,53972,4,1231678565,
11,53996,3.5,1231678914,
11,54259,3,1231678435,
11,54286,4,1231675407,
11,54503,4,1231678600,Shuang ma lian huan
11,54736,3.5,1231678587,
11,54775,1,1231676372,
11,54780,2.5,1231676044,
11,54787,2.5,1231676150,
11,54997,4,1231675397,
11,54999,3,1231678904,
11,55052,3,1231678500,
11,55080,3,1231675722,
11,55094,3,1231678458,
11,55116,3.5,1231675860,
11,55118,3.5,1231675589,
11,55232,1.5,1231676301,
11,55247,4.5,1231676750,
11,55276,3.5,1231676501,
11,55286,2,1231678825,
11,55290,4,1231675415,
11,55363,3,1231676119,
11,55729,2,1231676260,
11,55765,3.5,1231676662,Í±∞Î£©??Í≥ÑÎ≥¥
11,55814,2,1231676216,
11,55820,4.5,1231675313,
11,55830,3,1231675698,
11,55946,3,1231675883,
11,55995,1,1231676342,
11,56145,3.5,1231675641,
11,56156,2.5,1231676027,The Last Hurrah
11,56171,2,1231678761,Mega Python vs. Gatoroid
11,56174,3.5,1231678705,
11,56339,3.5,1231676667,Qualunquemente
11,56367,4,1231675622,
11,56587,3.5,1231676629,
11,56607,4,1231675633,
11,56633,2.5,1231676083,
11,56757,4,1231675487,
11,56775,3,1231675910,
11,56782,5,1231675322,
11,56941,2,1231678776,
11,57353,3.5,1231675599,Cat Run
11,57368,3.5,1231675546,
11,57528,3,1231675928,
11,57669,3,1231678399,
11,58025,3,1231675614,
11,58078,3,1231676108,
11,58103,4,1231675496,
11,58162,2.5,1231676201,
11,58295,4,1231678543,
11,58303,3.5,1231678374,
11,58306,1.5,1232307012,Devo: The Complete Truth About De-Evolution
11,58559,4.5,1231675382,Confession of a Child of the Century
11,58806,2,1231679062,
11,58839,2,1231755849,
11,58975,3,1231675946,
11,59016,3,1231677462,
11,59103,1.5,1231678978,
11,59107,2.5,1231676034,
11,59141,4.5,1231678766,
11,59256,3.5,1231675799,
11,59315,3.5,1231676745,
11,59362,2.5,1231677454,Pyaar Ke Side Effects
11,59369,5,1231675302,
11,59387,2.5,1231675823,The Powerpuff Girls Movie
11,59501,2.5,1231676008,
11,59900,2.5,1231679199,
11,60069,4.5,1231674884,
11,60072,3,1231678797,
11,60126,3,1231678894,
11,60397,2,1231679011,
11,60753,3.5,1231675839,
11,61132,3.5,1231678919,
11,61248,3.5,1231675555,
11,61323,3.5,1231675733,
11,61352,3.5,1231678623,
11,61697,3,1231675937,
11,62081,3.5,1231675576,
11,62644,4,1231675680,
11,63853,4,1231675203,
11,64957,3,1232567346,
12,1,4,943912205,
12,16,4,943913329,Dancer in the Dark
12,17,4,943911191,The Dark
12,29,5,943913115,
12,32,2,943911150,
12,34,5,943913044,
12,36,3,943911325,
12,47,5,943912317,
12,50,5,943911078,
12,73,2,943910885,American History X
12,82,4,943911115,Miami Vice
12,97,4,943911285,Tron
12,123,5,943912719,The Lord of the Rings
12,125,5,943912278,
12,150,5,943913006,48 Hrs.
12,155,1,943912539,The Dark Knight
12,157,1,943910494,Star Trek III: The Search for Spock
12,160,1,943910494,L'arriv√©e d'un train en gare de La Ciotat
12,162,4,943911613,Edward Scissorhands
12,175,5,943911842,Le Grand Bleu
12,176,4,943912719,Saw
12,194,5,943912278,Le fabuleux destin d'Am√©lie Poulain
12,198,1,943912496,To Be or Not to Be
12,223,5,943912206,Rebecca
12,232,4,943912719,Rumble Fish
12,235,5,943912641,Stand by Me
12,246,5,943911577,"Â∫ßÈ†≠Â∏?""Zat√¥ichi is a 19th century blind nomad who makes his living as a gambler and masseur. However"
12,247,5,943911191,The Killing
12,260,5,943911397,The 39 Steps
12,273,3,943912539,Das weisse Rauschen
12,290,5,943912122,Barton Fink
12,293,4,943911115,A River Runs Through It
12,296,5,943911078,Terminator 3: Rise of the Machines
12,301,2,943910918,Rio Bravo
12,307,5,943912613,Roma citt√† aperta
12,309,4,943911542,Festen
12,318,4,943911325,The Million Dollar Hotel
12,322,5,943912871,Mystic River
12,334,3,943911435,Magnolia
12,337,4,943912353,Monsieur Ibrahim et les fleurs du Coran
12,348,4,943912353,Alien
12,356,3,943911746,
12,363,4,943911700,Gegen die Wand
12,373,5,943912931,
12,441,4,943910445,Human Nature
12,446,5,943910409,
12,457,3,943912317,Sissi
12,475,3,943912803,Bonnie and Clyde
12,492,4,943910623,Being John Malkovich
12,497,4,943912013,The Green Mile
12,501,5,943911397,Grizzly Man
12,523,3,943910758,Requiem
12,527,5,943911078,Once Were Warriors
12,529,4,943911285,
12,535,4,943912396,Flashdance
12,541,4,943911613,The Man with the Golden Arm
12,549,5,943912122,Basquiat
12,555,3,943911790,
12,568,3,943911700,Apollo 13
12,581,5,943911363,Dances with Wolves
12,589,3,943911435,
12,590,4,943913081,The Hours
12,593,4,943910843,–°–æ–ª??–∏?
12,595,3,943912679,To Kill a Mockingbird
12,608,5,943910957,Men in Black II
12,728,4,943911876,
12,735,5,943912679,
12,750,5,943912476,Murder She Said
12,759,5,943911542,Gentlemen Prefer Blondes
12,778,5,943910587,Les Vacances de Monsieur Hulot
12,800,5,943910843,Los Olvidados
12,858,4,943911790,Sleepless in Seattle
12,866,3,943911790,Finding Neverland
12,899,3,943911115,Broken Blossoms
12,903,5,943912049,Cool Hand Luke
12,904,4,943911078,
12,912,5,943910957,The Thomas Crown Affair
12,916,4,943911700,Bullitt
12,926,4,943911285,Galaxy Quest
12,940,3,943911700,The Lady Vanishes
12,953,4,943911652,Madagascar
12,969,3,943911325,
12,994,5,943911191,Straw Dogs
12,1023,5,943912166,Adams √¶bler
12,1036,4,943912396,
12,1041,4,943911501,
12,1059,4,943912317,"?†„Åó?¶„ÅÆ‰∏âÊÇ™‰∫?""Lured by gold"
12,1060,4,943911910,
12,1079,5,943911910,
12,1080,5,943911285,
12,1086,4,943911746,
12,1089,5,943911910,Point Break
12,1111,5,943911240,
12,1120,3,943912080,
12,1132,4,943911285,
12,1136,5,943911285,
12,1147,5,943912613,
12,1148,5,943911078,
12,1172,5,943910843,
12,1177,4,943911947,
12,1184,5,943912166,
12,1185,4,943913115,
12,1192,5,943912317,
12,1193,5,943911842,
12,1196,4,943911947,
12,1197,5,943911613,
12,1198,4,943910843,
12,1199,5,943910843,
12,1206,4,943911542,
12,1207,4,943910843,
12,1208,4,943911790,
12,1211,5,943910349,
12,1213,4,943911151,The Talented Mr. Ripley
12,1214,2,943910987,
12,1216,5,943911746,
12,1217,5,943912476,
12,1219,3,943911325,
12,1221,4,943910843,
12,1224,4,943910957,
12,1225,5,943911542,
12,1230,4,943910987,
12,1233,4,943911501,
12,1234,4,943911577,
12,1240,4,943911613,
12,1242,4,943912166,
12,1245,4,943911746,The Remains of the Day
12,1246,5,943912834,Rocky Balboa
12,1263,4,943911700,
12,1264,4,943911501,
12,1270,2,943912166,
12,1273,5,943911577,TMNT
12,1277,4,943911240,Ein Lied von Liebe und Tod ??Gloomy Sunday
12,1279,5,943910554,?¨ÎßàÎ¶¨ÏïÑ
12,1280,5,943911910,ÎπàÏßë
12,1285,5,943911746,Torrente 3: El protector
12,1289,5,943912353,
12,1291,4,943911947,
12,1293,4,943911542,
12,1299,5,943911746,
12,1354,5,943911285,
12,1356,2,943910471,
12,1357,3,943913044,
12,1358,4,943911034,A Brief History of Time
12,1394,5,943911078,Nostalghia
12,1449,4,943912768,
12,1499,1,943910522,Teenage Mutant Ninja Turtles III
12,1517,4,943910634,
12,1537,5,943911842,Changing Lanes
12,1545,4,943910885,
12,1552,1,943910471,Parenthood
12,1584,3,943910445,School of Rock
12,1587,1,943910445,What's Eating Gilbert Grape
12,1610,4,943913115,Fever Pitch
12,1617,5,943912834,
12,1625,4,943912931,
12,1635,4,943912641,The Island
12,1639,5,943911501,Speed 2: Cruise Control
12,1641,3,943911842,Forces of Nature
12,1643,4,943911034,Ultimo tango a Parigi
12,1648,5,943912719,Bill & Ted's Excellent Adventure
12,1658,1,943910885,
12,1672,2,943913081,Le Professionnel
12,1673,3,943911652,Comanche Station
12,1674,4,943913329,
12,1678,5,943911700,"?¥„Ç∏??""Japan is thrown into a panic after several ships explode and are sunk near Odo Island. An expedition to the island led by paleontologist Professor Kyohei Yemani soon discover something more devastating than imagined in the form of a 164 foot tall monster whom the natives call Gojira. Now the monster begins a rampage that threatens to destroy not only Japan"
12,1682,4,943911240,Mosura tai Gojira
12,1683,4,943910349,The Reaping
12,1684,3,943911034,
12,1701,3,943910445,Con Air
12,1704,4,943912317,
12,1719,5,943912978,La Peau douce
12,1721,2,943911435,...Pi√π forte ragazzi!
12,1730,4,943911363,INLAND EMPIRE
12,1784,3,943911435,
12,1794,4,943910987,
12,1799,5,943912679,
12,1834,3,943911397,"Murder, My Sweet"
12,1836,4,943911652,Dans ma peau
12,1883,4,943911115,Malcolm X
12,1892,1,943912013,Return of the Jedi
12,1914,5,943911325,FC Venus
12,1923,2,943912049,Twin Peaks: Fire Walk with Me
12,1952,4,943912122,
12,1954,2,943912317,The Butterfly Effect
12,1957,4,943911363,Enough
12,1960,5,943912396,
12,1961,3,943911150,My Name Is Bruce
12,1962,4,943912049,
12,2020,5,943911325,The Bachelor
12,2028,5,943910918,Say Anything...
12,2064,4,943912768,While You Were Sleeping
12,2081,4,943912237,
12,2095,4,943911542,Desert Saints
12,2108,4,943911034,The Breakfast Club
12,2136,5,943911435,
12,2144,2,943911285,One Night at McCool's
12,2150,3,943911909,
12,2160,4,943911397,Voyage to the Bottom of the Sea
12,2174,3,943911577,
12,2193,3,943911700,My Tutor
12,2194,3,943911947,
12,2243,5,943912768,
12,2248,5,943911790,
12,2252,3,943911034,Eastern Promises
12,2263,1,943913365,Music Box
12,2266,1,943911790,"Paris, je t'aime"
12,2268,3,943911700,The Golden Compass
12,2291,4,943911240,Jacob's Ladder
12,2294,2,943911842,Jay and Silent Bob Strike Back
12,2302,5,943912896,Avalon
12,2312,4,943912871,In the Name of the King: A Dungeon Siege Tale
12,2331,4,943911947,Jesus
12,2333,4,943912803,Buddenbrooks
12,2348,4,943912679,Holy Matrimony
12,2355,4,943912871,Reign Over Me
12,2363,2,943912613,Les Cousins
12,2391,5,943911363,
12,2394,2,943910885,
12,2416,1,943911115,
12,2419,2,943913365,
12,2431,2,943911842,
12,2520,1,943912396,
12,2542,5,943911397,
12,2571,5,943911436,
12,2572,4,944342904,
12,2580,5,943910885,
12,2628,3,943911501,
12,2657,5,943911435,Pleasantville
12,2692,5,943912871,Der rote Elvis
12,2702,4,943911947,
12,2716,3,943910957,
12,2739,4,943912679,
12,2762,3,943911842,Young and Innocent
12,2791,1,943911115,The Chronicles of Riddick: Dark Fury
12,2797,3,943912719,
12,2840,1,943910098,
12,2841,3,944342803,Un long dimanche de fian√ßailles
12,2858,5,943910033,
12,2871,4,943911191,
12,2916,4,943912353,
12,2985,2,943911909,
12,2987,2,943911034,
12,2997,5,943910033,
12,3052,5,944342864,Don't Make Waves
12,3077,4,943910033,Son of Frankenstein
12,3079,4,943910122,The Curse of Frankenstein
12,3100,3,943912803,
12,4424,3,943910409,
13,1911,2,1348788885,The 13th Warrior
13,1965,3.5,1348788909,A Perfect Murder
13,2116,4.5,1348788935,Out of Time
13,2431,3,1348788914,
13,3258,2.5,1348789009,
13,3444,1.5,1348789109,
13,6957,3,1348789004,The 40 Year Old Virgin
13,33004,4,1348788930,
13,43560,2,1348789278,
13,56607,3.5,1348789246,
13,58047,1.5,1348789179,
14,293,2,1488224496,A River Runs Through It
14,318,2.5,1488224438,The Million Dollar Hotel
14,2571,4.5,1488224459,
14,2959,3,1488224441,License to Wed
14,168252,5,1488224471,
15,6,4,1346008202,Judgment Night
15,107,3.5,1346002224,Snatch
15,135,0.5,1346002251,Dont Look Back
15,260,1.5,1346002451,The 39 Steps
15,293,5,1346008164,A River Runs Through It
15,296,4.5,1346009478,Terminator 3: Rise of the Machines
15,348,1.5,1346002171,Alien
15,349,3.5,1346008794,Crustac√©s et coquillages
15,362,4,1346002144,
15,441,3,1346002147,Human Nature
15,531,2.5,1346002151,The Wrong Trousers
15,541,4.5,1346002463,The Man with the Golden Arm
15,555,4,1346008005,
15,589,3.5,1346008344,
15,599,5,1346002553,Sunset Boulevard
15,608,5,1346009462,Men in Black II
15,733,2,1346008746,
15,745,4,1346009522,The Sixth Sense
15,750,5,1346009420,Murder She Said
15,778,4.5,1346009442,Les Vacances de Monsieur Hulot
15,838,0.5,1346002157,American Graffiti
15,969,5,1346009466,
15,1036,4.5,1346008222,
15,1079,5,1346009498,
15,1080,5,1346009470,
15,1093,1.5,1346002165,Ascenseur pour l'√©chafaud
15,1148,4.5,1346009490,
15,1188,3,1346002181,
15,1196,1,1346002455,
15,1197,4.5,1346008342,
15,1198,4,1346002443,
15,1200,5,1346008166,
15,1201,5,1346008102,
15,1208,4.5,1346002438,
15,1209,3.5,1346007984,
15,1214,5,1346002464,
15,1220,3.5,1346008329,
15,1223,4,1346002186,
15,1233,4,1346008114,
15,1234,4.5,1346009472,
15,1240,4,1346008191,
15,1249,3.5,1346008150,Hollywoodland
15,1261,4,1346008003,
15,1262,4,1346008106,Stranger Than Fiction
15,1265,5,1346009494,Bridge to Terabithia
15,1272,5,1346002168,Sunshine
15,1278,5,1346002456,The Dreamers
15,1287,3,1346008215,
15,1291,3,1346008385,
15,1303,5,1346002580,
15,1304,4.5,1346008100,
15,1321,3.5,1346002189,
15,1378,1,1346002231,Shortbus
15,1387,5,1346002459,Superstar: The Karen Carpenter Story
15,1394,5,1346009414,Nostalghia
15,1396,1,1346009161,?–µ?–∫–∞–ª–æ
15,1408,5,1346008714,Cutthroat Island
15,1527,5,1346008016,
15,1580,3.5,1346009439,Rope
15,1610,4.5,1346008412,Fever Pitch
15,1732,5,1346009426,The Prisoner of Zenda
15,1784,4,1346009513,
15,1831,0.5,1346002195,The Next Best Thing
15,1884,4,1346009349,The Ewok Adventure
15,1953,4.5,1346007946,
15,1954,4,1346008211,The Butterfly Effect
15,1960,4,1346002241,
15,2028,4,1346008206,Say Anything...
15,2072,2.5,1346002349,Cyberjack
15,2108,1,1346002249,The Breakfast Club
15,2194,3,1346008176,
15,2300,3.5,1346009246,Space Jam
15,2401,4.5,1346008664,
15,2502,5,1346009531,The Bourne Supremacy
15,2529,2.5,1346008064,
15,2542,4.5,1346009492,
15,2571,4,1346008239,
15,2692,4.5,1346008199,Der rote Elvis
15,2716,3.5,1346008340,
15,2728,3,1346008035,Postal
15,2797,3.5,1346009525,
15,2871,4,1346002555,
15,2918,3,1346016134,
15,2944,4.5,1346008146,
15,2947,2.5,1346008234,
15,2951,4.5,1346008125,
15,2959,4,1346002474,License to Wed
15,2997,4,1346009453,
15,3030,5,1346002476,End of the World
15,3037,4.5,1346002551,Yella
15,3066,4,1346008805,
15,3112,3.5,1346002358,The Night of the Hunter
15,3252,3,1346002215,
15,3265,4,1346008031,
15,3267,3.5,1346009081,
15,3275,2.5,1346007989,
15,3361,3,1346002218,
15,3362,5,1346009407,
15,3384,4,1346008453,
15,3481,4,1346009511,
15,3504,4.5,1346009363,
15,3507,4.5,1346009400,
15,3508,5,1346002582,
15,3527,4.5,1346008266,Don't Come Knocking
15,3555,0.5,1346002244,
15,3578,4,1346008604,Der Tunnel
15,3654,2,1346007981,
15,3671,5,1346016139,
15,3681,4.5,1346008093,What's New Pussycat?
15,3703,2.5,1346002572,
15,3836,4,1346008461,
15,3868,3.5,1346002221,
15,3996,4,1346008209,
15,4011,4,1346009506,Beetlejuice
15,4027,5,1346009501,
15,4262,5,1346008127,
15,4327,4,1346002589,Charlie's Angels
15,4855,4.5,1346008104,
15,4881,4,1346009257,
15,4886,4,1346009528,And Then There Were None
15,4973,4.5,1346009459,Sous le Sable
15,4979,5,1346009416,Montag kommen die Fenster
15,5010,2,1346008769,
15,5060,5,1346009352,Carry On Screaming
15,5418,4.5,1346008394,
15,5445,3.5,1346008972,
15,5782,5,1346008061,
15,5899,4.5,1346008421,De Noorderlingen
15,5903,2.5,1346008479,
15,6016,5,1346002470,The Good Thief
15,6377,4,1346009468,
15,6448,3,1346008678,
15,6502,4.5,1346007966,
15,6711,4,1346009394,
15,6807,4.5,1346009423,
15,6808,4,1346008456,
15,6874,4,1346008118,
15,6893,3,1346008966,
15,6947,5,1346008968,The Village
15,7022,4,1346007978,
15,7076,3,1346007986,
15,7090,3,1346008363,Ken Park
15,7143,0.5,1346008743,
15,7438,4,1346008136,
15,7445,4,1346008354,Brothers
15,7802,4.5,1346008720,
15,7980,4,1346008592,The Lovely Bones
15,8132,4,1346008287,
15,8169,3,1346002366,
15,8665,3.5,1346002585,K-19: The Widowmaker
15,8798,3,1346008196,
15,8874,5,1346009450,My Best Friend's Wedding
15,8949,4,1346009380,
15,8961,5,1346008352,Bad Boys II
15,26172,4,1346008764,Messenger of Death
15,26614,4.5,1346008142,La Chienne
15,27728,3,1346008753,
15,27831,4,1346008492,
15,27869,3.5,1346008567,
15,31878,3,1346008489,
15,32587,4.5,1346008098,
15,33794,4.5,1346008182,
15,34405,4.5,1346008669,
15,36529,4.5,1346008070,Metamorphosis
15,37731,0.5,1346008449,J√∂nssonligans st√∂rsta kupp
15,37733,5,1346007938,
15,38038,4,1346009360,
15,38061,4,1346009476,Anybody's Son Will Do
15,39381,5,1346008557,
15,41997,4,1346007963,
15,44191,5,1346008095,Loose Screws
15,44195,4.5,1346009456,
15,45517,2.5,1346009241,
15,46578,5,1346009433,The Great American Girl Robbery
15,46976,4.5,1346009403,Wish You Were Here
15,48774,4,1346002574,
15,49272,4,1346008157,
15,49530,3.5,1346002547,In Time
15,50872,5,1346007969,
15,51255,5,1346007999,
15,51662,2,1346008749,
15,53972,3,1346009202,
15,54286,4,1346008153,
15,54995,4,1346009130,
15,54997,0.5,1346008028,
15,55118,5,1346002646,
15,55247,0.5,1346002577,
15,55765,4,1346002636,Í±∞Î£©??Í≥ÑÎ≥¥
15,58295,3.5,1346009075,
15,58559,5,1346002472,Confession of a Child of the Century
15,59315,1.5,1346008159,
15,59369,2.5,1346008123,
15,59784,3.5,1346008683,
15,60684,4.5,1346008703,
15,62849,2.5,1346008700,
15,65596,4,1346008661,The Spaceman and King Arthur
15,66297,3.5,1346008777,
15,68157,3.5,1346008120,
15,68358,3.5,1346008173,
15,68954,5,1346007942,Longitude
15,69481,4,1346008427,
15,69524,5,1346008432,
15,69757,2,1346002361,
15,71535,4.5,1346008367,
15,72998,3.5,1346008392,
15,73017,3,1346008562,
15,76251,4.5,1346008417,
15,79132,2,1346008186,
15,79702,0.5,1346008365,
15,81229,3.5,1346009156,Haker
15,81564,2,1346008698,
15,81834,4,1346008380,
15,85354,3.5,1346008470,
15,86142,4,1346008653,
15,87232,4,1346008435,
15,88125,4,1346008245,
15,88744,4,1346009062,Die Frau mit den 5 Elefanten
15,89745,2.5,1346008194,
15,89774,4.5,1346008278,"Air: Eating, Sleeping, Waiting and Playing"
15,90600,5,1346008711,
15,91500,3.5,1346008594,
15,91529,3.5,1346008218,
15,91542,0.5,1346008672,
15,93510,3.5,1346008785,
15,93838,2.5,1346009151,
15,95167,3.5,1346008818,
16,32,4.5,1485646263,
16,50,5,1485650563,
16,111,5,1485646062,Scarface
16,198,4.5,1485646778,To Be or Not to Be
16,260,3.5,1485645737,The 39 Steps
16,296,5,1485646091,Terminator 3: Rise of the Machines
16,316,3.5,1485646752,Halbe Treppe
16,318,5,1485645745,The Million Dollar Hotel
16,380,4,1485645954,Rain Man
16,480,4.5,1485649634,Monsoon Wedding
16,541,5,1485645886,The Man with the Golden Arm
16,589,5,1485645837,
16,593,4.5,1485645876,–°–æ–ª??–∏?
16,924,5,1485646073,Dawn of the Dead
16,968,4.5,1485650425,Dog Day Afternoon
16,1036,4,1485645842,
16,1080,5,1485673003,
16,1089,5,1485649797,Point Break
16,1129,4.5,1485645951,
16,1136,5,1485673012,
16,1196,3.5,1485645741,
16,1198,4,1485645743,
16,1200,5,1485645838,
16,1206,4.5,1485646100,
16,1208,5,1485646065,
16,1210,4,1485645751,
16,1214,5,1485646112,
16,1220,5,1485650493,
16,1222,5,1485646044,
16,1240,5,1485645853,
16,1241,4.5,1485673046,
16,1255,4.5,1485673183,Í¥¥Î¨º
16,1261,5,1485673042,
16,1270,4.5,1485646494,
16,1288,4.5,1485673002,
16,1291,5,1485645756,
16,1320,4.5,1485646001,
16,1321,4.5,1485673061,
16,1527,4.5,1485645898,
16,1580,4.5,1485647186,Rope
16,1653,5,1485645991,Diarios de motocicleta
16,1676,4.5,1485645995,Will Penny
16,1682,4,1485645891,Mosura tai Gojira
16,1690,4,1485646808,Hostel
16,1732,4.5,1485646130,The Prisoner of Zenda
16,1884,5,1485673051,The Ewok Adventure
16,1982,4,1485650447,
16,2105,5,1485646298,American Pie
16,2174,4.5,1485673069,
16,2193,4,1485650431,My Tutor
16,2288,5,1485646095,Closer
16,2329,5,1485646042,
16,2455,5,1485646478,Vivement dimanche!
16,2528,4.5,1485646907,Madame Bovary
16,2571,4.5,1485645749,
16,2662,4.5,1485646424,House of 1000 Corpses
16,2791,5,1485650498,The Chronicles of Riddick: Dark Fury
16,2858,5,1485649804,
16,2916,4.5,1485645919,
16,2959,5,1485645873,License to Wed
16,2985,4.5,1485647033,
16,2997,4.5,1485646116,
16,3018,5,1485646907,
16,3033,4,1485646436,Gods and Monsters
16,3147,4.5,1485646152,
16,3156,3.5,1485646767,
16,3275,4.5,1485646102,
16,3300,4,1485646493,
16,3527,5,1485645906,Don't Come Knocking
16,3698,4.5,1485647155,"Amico, stammi lontano almeno un palmo"
16,3702,4,1485646181,
16,3703,5,1485646919,
16,3704,4.5,1485649630,
16,3868,4.5,1485673049,
16,3917,4.5,1485650413,
16,4011,4.5,1485646088,Beetlejuice
16,4226,4.5,1485650594,Shriek If You Know What I Did Last Friday the Thirteenth
16,4239,5,1485650478,
16,4262,5,1485646090,
16,4553,5,1485646300,The Machinist
16,4878,4.5,1485646047,
16,4975,4,1485673119,Love Is the Devil: Study for a Portrait of Francis Bacon
16,4995,5,1485650434,Boogie Nights
16,5254,4,1485649655,
16,5445,4.5,1485645999,
16,5669,4,1485650653,
16,5853,4.5,1485646932,
16,5903,4.5,1485646503,
16,5989,4.5,1485650475,
16,6016,4.5,1485646040,The Good Thief
16,6502,5,1485646163,
16,6537,3.5,1485649693,El orfanato
16,6731,4.5,1485673180,
16,7153,4,1485645752,
16,7202,4.5,1485649733,
16,7387,4,1485649807,
16,7984,4.5,1485647040,In the Name of the Father
16,8464,4,1485673124,Top of the Food Chain
16,8501,4,1485650511,
16,8622,4,1485650654,
16,8644,4,1485646272,
16,8861,4.5,1485649641,
16,8985,4,1485649677,Visions of Europe
16,26558,4,1485649687,Combat Shock
16,27846,4.5,1485650734,
16,31658,5,1485646064,Hour of the Gun
16,34292,4,1485646838,
16,34405,4.5,1485645895,
16,37386,4,1485646786,
16,42738,4,1485647159,Scorpio
16,44191,5,1485645958,Loose Screws
16,48394,5,1485646033,
16,48516,5,1485645889,
16,48774,4,1485646167,
16,54286,4,1485645871,
16,54881,4.5,1485650698,
16,55232,5,1485647172,
16,55820,4,1485646114,
16,56174,4.5,1485649643,
16,59315,4,1485645856,
16,60069,4,1485646482,
16,60684,2,1485645948,
16,62733,4,1485647045,
16,65982,4,1485646917,
16,68205,4,1485650533,
16,68237,4.5,1485646038,
16,68358,4.5,1485645863,
16,68791,4.5,1485649662,
16,68954,5,1485645867,Longitude
16,70286,5,1485645908,
16,71135,5,1485646470,
16,71282,4,1485650690,China Seas
16,72129,2,1485650530,
16,72998,4,1485646006,
16,73268,4,1485646904,
16,75985,4,1485646925,
16,78499,4,1485645772,
16,79057,5,1485646285,
16,79132,4,1485645845,
16,79592,4,1485650537,
16,80463,4.5,1485645776,
16,80862,4.5,1485650727,
16,82461,4,1485646290,
16,84772,4.5,1485647030,Hell's Hinges
16,84954,4.5,1485646484,Geheimnisse einer Seele
16,85414,4,1485646520,Brake
16,87232,4.5,1485645970,
16,88744,5,1485645941,Die Frau mit den 5 Elefanten
16,89470,4.5,1485646922,
16,89745,4,1485645962,
16,90345,4.5,1485646935,
16,93563,4,1485647178,
16,94777,4.5,1485646796,
16,94864,3.5,1485645965,
16,95875,4,1485646289,
16,96737,4.5,1485646440,
16,98122,4.5,1485650737,Veerana
16,101864,4,1485646946,
16,102070,4.5,1485673253,
16,103042,4.5,1485646283,
16,103228,4,1485649631,
16,103249,5,1485649652,
16,103253,4.5,1485646720,
16,106920,5,1485646472,
16,108945,4,1485646763,
16,110102,4,1485645973,
16,111235,4,1485650721,
16,111362,4.5,1485645968,
16,111759,4.5,1485645866,Don Q Son of Zorro
16,112552,5,1485649758,
16,112623,5,1485645900,
16,112852,5,1485645850,
16,114180,4.5,1485647170,
16,115713,4.5,1485646189,
16,119145,4,1485645912,
16,120466,4.5,1485646782,
16,122892,4,1485646276,
16,122904,4,1485645858,
16,134130,4,1485650527,
16,134853,3,1485646123,
16,135567,4,1485646297,
16,135569,4.5,1485646523,
17,356,5,1002811484,
17,593,4,1002811207,–°–æ–ª??–∏?
17,597,5,1002811293,Titanic
17,1089,4,1002811320,Point Break
17,1753,3,1002811320,
17,2109,4,1002811403,Rush Hour
17,3210,4,1002811484,The Projected Man
17,3987,3,1002811424,
17,4020,4,1002811635,
17,4023,5,1002811635,
17,4143,4,1002811713,
17,4149,2,1002811713,
17,4155,3,1002811684,
17,4159,3,1002811731,
17,4161,4,1002811684,
17,4226,4,1002811601,Shriek If You Know What I Did Last Friday the Thirteenth
17,4228,2,1002811684,La r√©volution fran√ßaise
17,4239,4,1002811601,
17,4247,3,1002811293,Scary Movie
17,4265,5,1002811713,
17,4270,2,1002811713,
17,4310,3,1002811320,
17,4718,4,1002811818,
17,4745,2,1002811818,
18,81,5,965665345,È¢®„ÅÆË∞∑„ÅÆ?ä„Ç¶?∑„Ç´
18,912,5,965665264,The Thomas Crown Affair
18,1193,5,965665345,
18,1270,3,965665315,
18,1295,5,965665315,
18,3005,2,965665345,
19,327,1,1321323149,Brother
19,481,2.5,1321323242,7 v√≠rgenes
19,880,2.5,1321323246,Antonia
19,1125,2,1321323233,Dreamgirls
19,1175,3,1321323208,
19,1292,2.5,1321323223,
19,1298,3,1321323217,
19,1411,2.5,1321323206,The Rapture
19,2108,1.5,1321323180,The Breakfast Club
19,2109,2,1321323166,Rush Hour
19,2160,4,1321323153,Voyage to the Bottom of the Sea
19,2371,1.5,1321323197,–¢–µ–≥–µ?–∞–Ω-43
19,2378,3,1321323236,
19,2948,2.5,1321323170,
19,3868,0.5,1321323175,
20,1,4,1368361348,
20,39,5,1492183739,
20,150,4,1432292271,48 Hrs.
20,161,4,1419975922,Ocean's Eleven
20,216,3.5,1443037004,Angst essen Seele auf
20,260,4,1367493792,The 39 Steps
20,296,4.5,1389542613,Terminator 3: Rise of the Machines
20,344,4,1457984514,Bang Boom Bang - Ein todsicheres Ding
20,345,4.5,1395875323,Eyes Wide Shut
20,364,3,1437638364,Batman Returns
20,367,4,1399364672,
20,370,3,1383427672,
20,410,5,1390830725,Sommer vorm Balkon
20,480,4,1383426827,Monsoon Wedding
20,520,4.5,1457984608,
20,551,4.5,1422575315,The Poseidon Adventure
20,588,5,1377794753,Silent Hill
20,595,3.5,1419008449,To Kill a Mockingbird
20,741,4,1368361043,
20,780,3,1432292261,La passion de Jeanne d'Arc
20,858,4.5,1428911924,Sleepless in Seattle
20,899,4,1422575407,Broken Blossoms
20,908,4,1368360968,
20,911,4.5,1441827098,The Bank Dick
20,912,5,1441464486,The Thomas Crown Affair
20,915,4,1458564945,
20,919,4,1368360899,Blood: The Last Vampire
20,920,5,1460281505,Cars
20,936,3.5,1367490414,The Pink Panther
20,946,4.5,1422575354,Letter from an Unknown Woman
20,1025,3,1422575595,
20,1028,5,1441444348,
20,1031,4,1399365099,
20,1080,4.5,1368361221,
20,1136,4.5,1367494173,
20,1148,4.5,1367493785,
20,1196,3.5,1459240846,
20,1197,5,1367493929,
20,1210,4,1431972498,
20,1220,4,1422575479,
20,1221,3.5,1438149944,
20,1230,4.5,1415372596,
20,1234,4,1437638152,
20,1265,4,1368360762,Bridge to Terabithia
20,1270,4.5,1368361180,
20,1422,2.5,1395875535,The Departed
20,1485,4,1427461780,Get Carter
20,1517,3.5,1383427072,
20,1527,3.5,1427925360,
20,1566,4,1432574941,Die Br√ºcke
20,1573,3,1437638287,Die Hard 2
20,1580,4,1436857187,Rope
20,1588,4,1395875521,Bring It On
20,1617,4.5,1491051763,
20,1682,5,1367494761,Mosura tai Gojira
20,1688,4,1367489762,Conquest of the Planet of the Apes
20,1701,4,1367490069,Con Air
20,1704,4,1410262521,
20,1732,4.5,1368361519,The Prisoner of Zenda
20,1907,4,1450250366,The Beach
20,2010,2.5,1427126818,"ÊÆ?ÅÆÊ£?""A caregiver at a small retirement home takes one of her patients for a drive to the country"
20,2078,4,1427925313,The Pawnshop
20,2081,3.5,1419008582,
20,2087,3,1457984670,The Getaway
20,2089,3,1427358987,Cutaway
20,2124,5,1367489443,Color of Night
20,2141,3,1399364961,James Dean
20,2174,4,1377794820,
20,2291,4,1367494460,Jacob's Ladder
20,2294,4.5,1399364771,Jay and Silent Bob Strike Back
20,2325,4,1367490291,Leningrad
20,2355,4,1449908670,Reign Over Me
20,2394,4,1367489512,
20,2571,4.5,1427925256,
20,2617,4,1427925608,The Great Outdoors
20,2628,3,1395875056,
20,2657,4.5,1415255846,Pleasantville
20,2687,3,1432574954,Memoirs of an Invisible Man
20,2700,4.5,1419008551,
20,2701,3,1449909107,Abraham
20,2716,3.5,1479915630,
20,2746,3.5,1441464597,
20,2843,4,1447933443,
20,2959,4,1367493773,License to Wed
20,2987,4.5,1457984384,
20,3000,4,1368361378,
20,3033,4,1432319821,Gods and Monsters
20,3034,4,1442771375,Young Frankenstein
20,3114,4.5,1368360914,The Searchers
20,3147,3,1368361598,
20,3159,4.5,1450250744,Il castello delle donne maledette
20,3176,3.5,1441464859,"?ê„Éà?´„Éª??ÉØ?§„Ç¢??""In the future"
20,3408,3.5,1469959367,
20,3462,3.5,1368360796,
20,3481,3.5,1368361152,
20,3671,3.5,1368361011,
20,3751,3.5,1377794999,
20,3752,3.5,1447933701,
20,3793,3.5,1395875049,
20,3869,3.5,1383427323,
20,4016,4,1450250500,
20,4027,5,1368361470,
20,4223,4,1427359763,
20,4246,3.5,1462384936,
20,4270,4,1395875211,
20,4306,5,1368361657,
20,4728,4,1383427403,Le Gendarme √† New York
20,4754,4,1367490338,
20,4881,3.5,1471149885,
20,4886,4,1457984475,And Then There Were None
20,4896,4,1439661499,Muxm√§uschenstill
20,4963,4,1439661464,
20,4973,5,1367493755,Sous le Sable
20,4979,4,1367494428,Montag kommen die Fenster
20,4993,3.5,1367493944,5 Card Stud
20,5218,3.5,1377793548,
20,5299,3.5,1395875159,
20,5349,3.5,1399364304,
20,5378,2.5,1422575166,
20,5459,4,1451815490,
20,5481,3,1447933656,Schock
20,5618,4.5,1367493779,"Cousin, Cousine"
20,5669,4,1367494436,
20,5816,4,1422575131,Ober
20,5902,3.5,1367494724,A Bridge Too Far
20,5952,4,1367493985,
20,5971,4,1457984490,We're No Angels
20,5989,3,1368361253,
20,6283,4,1399132509,MouseHunt
20,6365,3.5,1462384958,
20,6377,5,1368361186,
20,6440,4,1427461599,The Shipping News
20,6539,4.5,1449908714,
20,6579,3.5,1447677524,
20,6584,3,1462385011,
20,6662,4,1383427643,
20,6711,4.5,1367495603,
20,6874,5,1367494322,
20,6993,4,1368360927,
20,7034,2,1377793597,
20,7153,4,1367493947,
20,7323,4.5,1368360735,
20,7361,4.5,1367494790,
20,7367,4,1422575652,
20,7373,3.5,1399364512,
20,7438,3.5,1367494332,
20,7762,5,1485882045,
20,8360,5,1377793562,
20,8368,4,1476204990,The Garden of Eden
20,8464,4,1368361171,Top of the Food Chain
20,8622,4.5,1395875132,
20,26491,4,1441464660,Tipping the Velvet
20,27800,3.5,1450250450,
20,30793,3.5,1383426705,House of Dracula
20,31878,3.5,1415381507,
20,32587,3.5,1367494281,
20,33493,3,1427925990,
20,33615,3.5,1399364815,
20,33794,3.5,1422575527,
20,34048,3,1462384898,
20,40815,3,1476204974,Le Bossu
20,46530,2.5,1395875395,
20,46578,4,1367494391,The Great American Girl Robbery
20,46976,4,1383426601,Wish You Were Here
20,48059,4,1450250586,
20,48385,3.5,1460021148,Indestructible Man
20,49272,4,1403884190,
20,50872,5,1368360935,
20,51662,4,1427925942,
20,52885,5,1457984473,"Csillagosok, Katon√°k"
20,53121,3,1396525646,Barking Water
20,53894,4,1395875613,
20,54001,4,1476204938,?ÿ≥ÿß?ÿ±
20,54272,3,1383427567,Â∫ßÈ†≠Â∏ÇÈñ¢?Ä?¥„Çä
20,55442,4,1422575488,
20,56367,4.5,1367495587,
20,58559,5,1367493748,Confession of a Child of the Century
20,59141,2.5,1427925457,
20,59315,4,1368361649,
20,59784,3,1449908989,
20,59900,3.5,1422575534,
20,60069,4.5,1368361070,
20,60950,4,1367495441,
20,61236,5,1437638083,
20,61323,3.5,1427461568,
20,63113,3,1403884271,
20,64620,3,1392921435,
20,64839,3.5,1368361245,
20,65261,4.5,1415255886,
20,66934,5,1367490140,
20,67997,3.5,1420877645,
20,68157,4.5,1368361499,
20,68954,4.5,1367494939,Longitude
20,69604,4,1367495370,
20,69757,5,1484694694,
20,70286,4,1368361532,
20,71464,4,1427461548,
20,72011,3,1484940834,
20,72226,3.5,1444895660,
20,72998,3,1420368098,
20,74789,2.5,1395875359,
20,76251,4,1367494261,
20,79132,3.5,1367493805,
20,79702,5,1367494210,
20,80463,5,1484940508,
20,80834,3.5,1450250613,
20,81845,4,1368361432,
20,81847,4,1368361333,The Dawn Patrol
20,82459,4.5,1419976882,
20,83349,4,1399364640,
20,84944,3,1367490662,Valkoinen peura
20,84954,3,1449908941,Geheimnisse einer Seele
20,86882,3.5,1410900477,
20,89302,4.5,1400778725,
20,89745,4,1367494956,
20,89753,3.5,1485608382,
20,89804,3.5,1367490797,
20,90746,3.5,1376551959,
20,90866,2,1434807291,
20,91077,3,1436159896,
20,91529,3.5,1399132434,
20,91622,3.5,1418416347,
20,94677,3.5,1449908792,
20,94959,4.5,1457339496,"Edward, My Son"
20,95167,3.5,1458564697,
20,95311,4.5,1419008542,
20,95654,3.5,1443041265,
20,96079,4,1403884300,
20,96588,4,1449908060,
20,97913,5,1471149765,
20,98809,4,1419975973,
20,103042,3.5,1459978672,
20,104283,3.5,1443571928,
20,106696,3.5,1454073097,
20,109374,4.5,1395874025,
20,110102,4,1399364169,
20,111364,3,1449908932,
20,111587,3.5,1400780544,
20,111589,4,1400780979,
20,112290,5,1428660053,
20,113315,4.5,1407837339,
20,113345,3,1454673207,
20,113741,3,1427924977,
20,117529,3,1476831417,
20,117861,2,1449909090,
20,118696,3,1419975992,
20,122886,3.5,1451059155,
20,122900,3,1443572068,
20,122904,4,1476831446,
20,122920,3.5,1462032838,
20,128360,4.5,1454073092,
20,128520,4,1484940599,
20,129659,2,1441464786,
20,129779,3.5,1441464052,
20,130073,3,1427126471,
20,133653,4,1431895251,
20,134853,5,1437763505,
20,135456,3.5,1441464104,
20,136020,4,1448541954,
20,139859,3.5,1441464078,
20,139861,3.5,1441464085,
20,139863,4,1441464091,Bertsolari
20,141858,2,1441444477,
20,148855,3,1450249210,
20,150548,4,1455915169,
20,152081,4.5,1470086217,
20,155064,3,1491743748,
20,166528,4,1484694727,
20,168434,4.5,1485337923,
20,168612,2.5,1491733987,
21,519,5,1240086167,
21,1645,5,1242865736,A Time to Kill
21,2006,4,1240085724,"Bell, Book and Candle"
21,2087,5,1240086015,The Getaway
21,2136,4,1240086393,
21,2380,4.5,1240086434,
21,2402,4,1240086195,
21,2533,5,1240086327,
21,2687,5,1240086133,Memoirs of an Invisible Man
21,2826,5,1240086628,
21,3006,5,1240085802,
21,3703,5,1240085813,
21,4643,4.5,1240085931,The Guardian
21,5418,4.5,1240085705,
21,6383,4.5,1240086656,
21,31696,4.5,1240086364,A Kiss Before Dying
21,33166,3.5,1240086023,Downhill Racer
21,33794,3.5,1240085745,
21,53953,4.5,1240086633,The Tooth Fairy
21,60609,5,1241979525,
21,62374,4,1240086569,
21,63033,5,1240086557,
21,63853,5,1240086535,
21,65088,4,1240086546,
21,66156,5,1241979660,
21,67197,5,1241979641,
21,67799,4,1241979571,
21,67867,3,1241979553,
21,67923,5,1241979542,
21,68135,5,1241979464,
21,68319,5,1241979447,
21,68358,5,1241979456,
22,48,1,1111936910,
22,110,5,1111937009,Trois couleurs : Rouge
22,163,4,1111936871,Ocean's Twelve
22,172,0.5,1111936884,Star Trek V: The Final Frontier
22,260,4,1111937058,The 39 Steps
22,282,1,1111936893,
22,342,3,1111936890,Sommersturm
22,356,0.5,1111937012,
22,370,1,1111936857,
22,457,3.5,1111937085,Sissi
22,466,1,1111936854,Klute
22,543,4,1111936914,Blackmail
22,552,2.5,1111936922,Pane e Tulipani
22,1380,1,1111936875,Gleaming the Cube
22,1396,4,1111936911,?–µ?–∫–∞–ª–æ
22,1485,3,1111936887,Get Carter
22,1610,5,1111937096,Fever Pitch
22,2054,2.5,1111936882,Mr. Holland's Opus
22,2194,5,1111936918,
22,2268,4.5,1111937052,The Golden Compass
22,2406,3,1111936859,
22,2502,0.5,1111936992,The Bourne Supremacy
22,2571,0.5,1111937064,
22,2640,2,1111936862,Heathers
22,2657,1.5,1111937004,Pleasantville
22,2683,1,1111937047,
22,2706,3,1111936999,
22,2716,4.5,1111937002,
22,2858,3,1111937056,
22,2890,3,1111937062,"Andr√© Hazes, Zij Gelooft in Mij"
22,2916,3.5,1111937016,
22,3114,1.5,1111937044,The Searchers
22,3751,2,1111937049,
22,3753,3,1111936990,
22,3897,4,1111936849,
22,4993,4.5,1111936995,5 Card Stud
22,5445,4,1111937038,
22,5952,4.5,1111936906,
23,527,4,1019516059,Once Were Warriors
23,1104,4,1019516095,
23,1193,5,1019516074,
23,1197,4,1019516124,
23,1198,4,1019516095,
23,1956,4,1019516112,Gerry
23,2028,4,1019516045,Say Anything...
23,2116,3,1019516178,Out of Time
23,2993,3,1019516074,Una sull'altra
23,3334,4,1019516112,
23,3702,3,1019516095,
23,4993,4,1019516178,5 Card Stud
24,1,4,979869938,
24,2,3,979974023,Ariel
24,6,4,979870499,Judgment Night
24,16,3,979870379,Dancer in the Dark
24,17,3,979974163,The Dark
24,21,4,979870629,The Endless Summer
24,25,3,979870091,Jarhead
24,26,3,979870852,LaLehet Al HaMayim
24,32,4,979974219,
24,34,3,979870012,
24,36,5,979869938,
24,39,4,979870484,
24,45,3,979870580,
24,47,4,979870039,
24,50,5,979869845,
24,52,3,979870714,
24,57,2,979871159,
24,58,5,979870539,Pirates of the Caribbean: Dead Man's Chest
24,62,2,979870775,2001: A Space Odyssey
24,73,3,979869845,American History X
24,86,4,979974460,Elementarteilchen
24,101,5,979870144,L√©on
24,104,3,979870744,Lola rennt
24,110,5,979870012,Trois couleurs : Rouge
24,111,5,979972507,Scarface
24,112,4,979871047,Italiensk for begyndere
24,147,4,979870988,Les Quatre Cents Coups
24,162,4,979869871,Edward Scissorhands
24,164,3,979870714,Breakfast at Tiffany's
24,175,4,979871026,Le Grand Bleu
24,176,3,979973260,Saw
24,194,4,979870291,Le fabuleux destin d'Am√©lie Poulain
24,198,2,979870759,To Be or Not to Be
24,232,3,979870108,Rumble Fish
24,233,3,979870580,The Wanderers
24,235,3,979973296,Stand by Me
24,246,4,979869981,"Â∫ßÈ†≠Â∏?""Zat√¥ichi is a 19th century blind nomad who makes his living as a gambler and masseur. However"
24,260,5,979972507,The 39 Steps
24,261,3,979870815,Cat on a Hot Tin Roof
24,265,4,979870091,Lili Marleen
24,266,4,979874598,Le M√©pris
24,293,4,979870179,A River Runs Through It
24,296,5,979869871,Terminator 3: Rise of the Machines
24,299,4,979870484,Ocean's Eleven
24,300,4,979870500,La science des r√™ves
24,307,4,979869981,Roma citt√† aperta
24,317,3,979974007,Grbavica
24,318,5,979869871,The Million Dollar Hotel
24,319,4,979870179,True Romance
24,322,4,979870663,Mystic River
24,337,4,979870196,Monsieur Ibrahim et les fleurs du Coran
24,349,4,979870815,Crustac√©s et coquillages
24,352,3,979870865,
24,356,5,979870760,
24,367,4,979974007,
24,372,4,979870897,
24,377,4,979870580,A Nightmare on Elm Street
24,383,2,979870832,Mala Noche
24,388,3,979870218,Inside Man
24,412,3,979870179,
24,416,3,979974387,
24,417,4,979871026,
24,428,4,979870815,Sommer '04
24,431,3,979870361,Cube
24,440,2,979870539,Aliens vs Predator: Requiem
24,441,5,979870500,Human Nature
24,443,4,979973816,
24,446,4,979870307,
24,448,2,979870243,
24,454,3,979870897,Romeo + Juliet
24,457,4,979870179,Sissi
24,471,3,979871159,Bandyta
24,480,4,979869604,Monsoon Wedding
24,481,4,979870975,7 v√≠rgenes
24,482,4,979870910,Shaft
24,497,3,979870650,The Green Mile
24,507,5,979870922,Killing Zoe
24,508,3,979870897,Love Actually
24,524,2,979870484,Casino
24,527,5,979869871,Once Were Warriors
24,541,4,979971320,The Man with the Golden Arm
24,550,2,979871026,Fight Club
24,553,4,979870614,Dogville
24,555,5,979870599,
24,562,4,979870278,Die Hard
24,574,4,979871047,The Man Who Knew Too Much
24,587,3,979871124,Big Fish
24,588,4,979870865,Silent Hill
24,589,3,979870039,
24,590,3,979870315,The Hours
24,592,4,979974428,The Conversation
24,593,5,979869887,–°–æ–ª??–∏?
24,595,4,979974511,To Kill a Mockingbird
24,597,3,979870988,Titanic
24,608,5,979869912,Men in Black II
24,648,3,979869799,La belle et la b√™te
24,714,5,979869961,Tomorrow Never Dies
24,728,3,979870218,
24,733,4,979871047,
24,778,5,979870361,Les Vacances de Monsieur Hulot
24,781,4,979870944,Winterschl√§fer
24,785,3,979870629,
24,788,4,979974023,Mrs. Doubtfire
24,832,3,979871026,M
24,838,3,979870512,American Graffiti
24,852,3,979871124,
24,858,5,979972491,Sleepless in Seattle
24,904,5,979972761,
24,924,5,979875257,Dawn of the Dead
24,986,3,979870731,Falstaff
24,994,4,979869961,Straw Dogs
24,1036,4,979971397,
24,1042,2,979871072,
24,1054,3,979870910,
24,1060,5,979870091,
24,1073,3,979972545,Arlington Road
24,1079,4,979971355,
24,1080,5,979972559,
24,1084,4,979972739,
24,1088,2,979971920,Whale Rider
24,1089,5,979869912,Point Break
24,1090,5,979875231,The Thirteenth Floor
24,1091,4,979972073,The Thing
24,1094,3,979870243,
24,1097,4,979971355,
24,1101,4,979971972,
24,1120,2,979870463,
24,1125,4,979972595,Dreamgirls
24,1127,3,979974444,Princesas
24,1136,5,979972507,
24,1147,5,979973859,
24,1179,4,979870327,
24,1185,4,979971397,
24,1186,4,979971563,
24,1188,4,979870144,
24,1191,3,979870744,
24,1193,5,979972507,
24,1196,5,979974204,
24,1197,4,979973281,
24,1198,4,979971355,
24,1200,4,979971476,
24,1201,4,979972725,
24,1204,4,979972693,
24,1207,4,979972708,
24,1208,5,979875221,
24,1210,4,979974219,
24,1213,5,979869887,The Talented Mr. Ripley
24,1214,4,979972545,
24,1219,4,979972708,
24,1220,4,979971503,
24,1221,5,979972491,
24,1222,5,979875242,
24,1225,5,979971258,
24,1228,5,979971258,
24,1230,5,979973219,
24,1231,4,979971454,
24,1233,4,979869887,
24,1235,5,979972529,
24,1240,3,979971454,
24,1242,4,979971339,
24,1243,4,979870361,
24,1245,4,979870196,The Remains of the Day
24,1246,4,979971476,Rocky Balboa
24,1247,5,979972708,The Good Shepherd
24,1249,4,979870129,Hollywoodland
24,1257,5,979971476,Because I Said So
24,1258,5,979971301,
24,1259,5,979971339,Notes on a Scandal
24,1265,4,979973313,Bridge to Terabithia
24,1266,4,979974341,Street Kings
24,1268,4,979870512,Mr. Bean's Holiday
24,1270,4,979971355,
24,1271,3,979870512,300
24,1272,4,979972575,Sunshine
24,1275,3,979971753,
24,1276,4,979972739,
24,1287,4,979974412,
24,1288,5,979971339,
24,1291,4,979974428,
24,1293,3,979971487,
24,1297,4,979971540,
24,1298,4,979971823,
24,1300,4,979971301,
24,1302,3,979971634,
24,1304,5,979972725,
24,1305,4,979971682,
24,1307,4,979971371,
24,1323,2,979972421,
24,1326,2,979972382,
24,1347,3,979971713,
24,1354,4,979869912,
24,1357,5,979870580,
24,1358,3,979870108,A Brief History of Time
24,1370,4,979870816,Rambo III
24,1373,3,979972198,The Discovery of Heaven
24,1375,3,979971823,Rocky V
24,1376,4,979974219,Sweet Sixteen
24,1378,4,979972028,Shortbus
24,1381,1,979972382,The Fountain
24,1387,4,979972575,Superstar: The Karen Carpenter Story
24,1389,3,979972447,Out of Sight
24,1393,3,979870055,Die H√∂hle des gelben Hundes
24,1394,5,979971339,Nostalghia
24,1408,3,979870731,Cutthroat Island
24,1441,3,979874587,The Contract
24,1446,4,979870055,
24,1447,4,979870629,
24,1449,4,979870339,
24,1466,4,979870307,
24,1488,2,979871142,"Á∂†Ëçâ??""Bilike has never seen a ping-pong ball before. He and his family live without electricity and running water in a solitary tent home among the vast steppe grasslands. The magnificent landscape here has changed little since the days of Genghis Kahn. But life in the middle of nowhere can be exciting for a young boy. The smallest of details become big events for curious Bilike and his best friends Erguotou and Dawa. The mystery of the small white ball floating in the creek leads to questions about the world around them"
24,1500,4,979870409,
24,1527,3,979870944,
24,1542,4,979871142,Office Space
24,1580,3,979871058,Rope
24,1587,3,979971900,What's Eating Gilbert Grape
24,1594,4,979870379,A Shot in the Dark
24,1600,4,979874587,La double vie de V√©ronique
24,1610,4,979974257,Fever Pitch
24,1611,4,979870975,Das Wunder von Bern
24,1617,4,979869912,
24,1619,2,979870832,The Way of the Gun
24,1649,5,979973805,Bill & Ted's Bogus Journey
24,1653,4,979870157,Diarios de motocicleta
24,1673,3,979869912,Comanche Station
24,1674,3,979971454,
24,1704,4,979869938,
24,1721,3,979870639,...Pi√π forte ragazzi!
24,1729,4,979870435,The Forbidden Kingdom
24,1735,4,979869604,The Mummy: Tomb of the Dragon Emperor
24,1747,4,979870599,
24,1777,2,979875337,Fahrenheit 9/11
24,1784,4,979870435,
24,1797,4,979973795,
24,1805,3,979870791,
24,1810,4,979870551,Viva Zapata!
24,1836,4,979871026,Dans ma peau
24,1840,3,979870884,The Brasher Doubloon
24,1848,3,979870791,Poodle Springs
24,1873,3,979870218,Beyond Rangoon
24,1894,2,979869579,Star Wars: Episode II - Attack of the Clones
24,1895,2,979871142,Star Wars: Episode III - Revenge of the Sith
24,1912,4,979870039,Free Rainer - Dein Fernseher l√ºgt
24,1914,4,979870463,FC Venus
24,1921,5,979974204,Sweet November
24,1923,4,979870463,Twin Peaks: Fire Walk with Me
24,1947,3,979972725,An Unfinished Life
24,1952,5,979972708,
24,1954,4,979972646,The Butterfly Effect
24,1956,3,979971397,Gerry
24,1958,3,979971540,8 femmes
24,1959,3,979972059,Swept from the Sea
24,1960,3,979971371,
24,1961,5,979971320,My Name Is Bruce
24,1962,3,979971563,
24,1963,4,979973351,"??""On a fishing boat at sea"
24,1968,4,979971430,Fools Rush In
24,1969,2,979972359,Bandidas
24,1970,2,979972133,The Grudge
24,1972,2,979972324,
24,1974,3,979972258,
24,1976,2,979972277,Jezebel
24,1977,2,979874632,The Grudge 3
24,1978,2,979972421,Stage Fright
24,1979,2,979972447,4: Rise of the Silver Surfer
24,1980,2,979972402,
24,1981,2,979972382,
24,1982,3,979972662,
24,1983,2,979972311,
24,1984,2,979972469,1984
24,1985,2,979972277,The Constant Gardener
24,1986,2,979972359,"Va, vis et deviens"
24,1989,2,979972421,My Blueberry Nights
24,1994,3,979971563,The Most Dangerous Game
24,1995,2,979972258,Lara Croft: Tomb Raider
24,1996,2,979972359,Lara Croft Tomb Raider: The Cradle of Life
24,2000,4,979971713,"Aguirre, der Zorn Gottes"
24,2001,3,979971900,We Own the Night
24,2003,4,979971838,Anatomie de l'enfer
24,2005,4,979971694,Sister Act
24,2006,3,979871106,"Bell, Book and Candle"
24,2011,4,979971838,Persepolis
24,2012,3,979974362,Stellet Licht
24,2021,4,979971972,Jack & Sarah
24,2028,5,979869961,Say Anything...
24,2050,3,979972277,
24,2054,3,979972013,Mr. Holland's Opus
24,2058,4,979870791,Addicted to Love
24,2064,5,979971355,While You Were Sleeping
